{"cameraMode":{"drawMode":0,"name":"Shaded","section":"Shading Mode"},"sceneLighting":true,"audioPlay":false,"sceneViewState":{"m_AlwaysRefresh":false,"showFog":true,"showSkybox":true,"showFlares":true,"showImageEffects":true,"showParticleSystems":true,"showVisualEffectGraphs":true,"m_FxEnabled":true},"in2DMode":false,"pivot":{"x":-2.9646401405334474,"y":5.012503147125244,"z":-9.717204093933106},"rotation":{"x":-0.013146325945854187,"y":-0.17226068675518037,"z":0.0015286365523934365,"w":-0.9853225350379944},"size":1.3655426502227784,"orthographic":false}