{"cameraMode":{"drawMode":0,"name":"Shaded","section":"Shading Mode"},"sceneLighting":false,"audioPlay":false,"sceneViewState":{"m_AlwaysRefresh":false,"showFog":true,"showSkybox":false,"showFlares":true,"showImageEffects":true,"showParticleSystems":true,"showVisualEffectGraphs":true,"m_FxEnabled":true},"in2DMode":false,"pivot":{"x":2.8041269779205324,"y":3.86761474609375,"z":1.5536690950393677},"rotation":{"x":-0.025340348482131959,"y":0.9714502692222595,"z":-0.12312757968902588,"w":-0.20256701111793519},"size":3.9247448444366457,"orthographic":false}