{"cameraMode":{"drawMode":0,"name":"Shaded","section":"Shading Mode"},"sceneLighting":false,"audioPlay":false,"sceneViewState":{"m_AlwaysRefresh":false,"showFog":true,"showSkybox":false,"showFlares":true,"showImageEffects":true,"showParticleSystems":true,"showVisualEffectGraphs":true,"m_FxEnabled":true},"in2DMode":false,"pivot":{"x":-4.977473258972168,"y":7.121798038482666,"z":18.643184661865236},"rotation":{"x":-0.05426158383488655,"y":0.02994917705655098,"z":-0.0016725342720746995,"w":-0.9981324672698975},"size":14.407029151916504,"orthographic":false}